ghi,dni,air_temp,period_end,period
0,0,13,2025-05-28 20:15:00+00:00,PT15M
0,0,12,2025-05-28 20:30:00+00:00,PT15M
0,0,12,2025-05-28 20:45:00+00:00,PT15M
0,0,12,2025-05-28 21:00:00+00:00,PT15M
0,0,12,2025-05-28 21:15:00+00:00,PT15M
0,0,12,2025-05-28 21:30:00+00:00,PT15M
0,0,13,2025-05-28 21:45:00+00:00,PT15M
0,0,13,2025-05-28 22:00:00+00:00,PT15M
0,0,13,2025-05-28 22:15:00+00:00,PT15M
0,0,13,2025-05-28 22:30:00+00:00,PT15M
0,0,13,2025-05-28 22:45:00+00:00,PT15M
0,0,13,2025-05-28 23:00:00+00:00,PT15M
0,0,13,2025-05-28 23:15:00+00:00,PT15M
0,0,12,2025-05-28 23:30:00+00:00,PT15M
0,0,12,2025-05-28 23:45:00+00:00,PT15M
0,0,12,2025-05-29 00:00:00+00:00,PT15M
0,0,11,2025-05-29 00:15:00+00:00,PT15M
0,0,12,2025-05-29 00:30:00+00:00,PT15M
0,0,12,2025-05-29 00:45:00+00:00,PT15M
0,0,12,2025-05-29 01:00:00+00:00,PT15M
0,0,12,2025-05-29 01:15:00+00:00,PT15M
0,0,12,2025-05-29 01:30:00+00:00,PT15M
0,0,12,2025-05-29 01:45:00+00:00,PT15M
0,0,12,2025-05-29 02:00:00+00:00,PT15M
0,0,12,2025-05-29 02:15:00+00:00,PT15M
0,0,12,2025-05-29 02:30:00+00:00,PT15M
0,0,11,2025-05-29 02:45:00+00:00,PT15M
1,0,11,2025-05-29 03:00:00+00:00,PT15M
8,0,11,2025-05-29 03:15:00+00:00,PT15M
21,0,11,2025-05-29 03:30:00+00:00,PT15M
31,0,11,2025-05-29 03:45:00+00:00,PT15M
33,0,11,2025-05-29 04:00:00+00:00,PT15M
41,0,11,2025-05-29 04:15:00+00:00,PT15M
52,0,11,2025-05-29 04:30:00+00:00,PT15M
64,0,11,2025-05-29 04:45:00+00:00,PT15M
75,0,11,2025-05-29 05:00:00+00:00,PT15M
83,0,11,2025-05-29 05:15:00+00:00,PT15M
108,0,12,2025-05-29 05:30:00+00:00,PT15M
128,0,12,2025-05-29 05:45:00+00:00,PT15M
170,0,12,2025-05-29 06:00:00+00:00,PT15M
237,0,12,2025-05-29 06:15:00+00:00,PT15M
238,0,12,2025-05-29 06:30:00+00:00,PT15M
265,0,13,2025-05-29 06:45:00+00:00,PT15M
353,47,13,2025-05-29 07:00:00+00:00,PT15M
370,38,14,2025-05-29 07:15:00+00:00,PT15M
409,88,14,2025-05-29 07:30:00+00:00,PT15M
460,163,14,2025-05-29 07:45:00+00:00,PT15M
530,295,14,2025-05-29 08:00:00+00:00,PT15M
494,151,15,2025-05-29 08:15:00+00:00,PT15M
591,364,15,2025-05-29 08:30:00+00:00,PT15M
544,196,15,2025-05-29 08:45:00+00:00,PT15M
630,375,16,2025-05-29 09:00:00+00:00,PT15M
821,889,16,2025-05-29 09:15:00+00:00,PT15M
844,910,16,2025-05-29 09:30:00+00:00,PT15M
596,201,16,2025-05-29 09:45:00+00:00,PT15M
598,224,16,2025-05-29 10:00:00+00:00,PT15M
304,0,16,2025-05-29 10:15:00+00:00,PT15M
282,0,16,2025-05-29 10:30:00+00:00,PT15M
426,2,16,2025-05-29 10:45:00+00:00,PT15M
617,196,16,2025-05-29 11:00:00+00:00,PT15M
525,47,16,2025-05-29 11:15:00+00:00,PT15M
683,336,16,2025-05-29 11:30:00+00:00,PT15M
655,288,16,2025-05-29 11:45:00+00:00,PT15M
368,0,16,2025-05-29 12:00:00+00:00,PT15M
694,412,16,2025-05-29 12:15:00+00:00,PT15M
415,0,16,2025-05-29 12:30:00+00:00,PT15M
648,368,16,2025-05-29 12:45:00+00:00,PT15M
390,13,16,2025-05-29 13:00:00+00:00,PT15M
509,144,16,2025-05-29 13:15:00+00:00,PT15M
420,88,16,2025-05-29 13:30:00+00:00,PT15M
314,20,17,2025-05-29 13:45:00+00:00,PT15M
649,680,17,2025-05-29 14:00:00+00:00,PT15M
648,779,17,2025-05-29 14:15:00+00:00,PT15M
584,648,17,2025-05-29 14:30:00+00:00,PT15M
394,110,17,2025-05-29 14:45:00+00:00,PT15M
406,227,17,2025-05-29 15:00:00+00:00,PT15M
496,686,17,2025-05-29 15:15:00+00:00,PT15M
452,639,17,2025-05-29 15:30:00+00:00,PT15M
349,305,17,2025-05-29 15:45:00+00:00,PT15M
337,401,16,2025-05-29 16:00:00+00:00,PT15M
273,227,16,2025-05-29 16:15:00+00:00,PT15M
262,361,16,2025-05-29 16:30:00+00:00,PT15M
247,461,16,2025-05-29 16:45:00+00:00,PT15M
206,401,16,2025-05-29 17:00:00+00:00,PT15M
169,359,15,2025-05-29 17:15:00+00:00,PT15M
133,293,15,2025-05-29 17:30:00+00:00,PT15M
72,11,14,2025-05-29 17:45:00+00:00,PT15M
65,142,14,2025-05-29 18:00:00+00:00,PT15M
41,62,13,2025-05-29 18:15:00+00:00,PT15M
18,0,13,2025-05-29 18:30:00+00:00,PT15M
4,0,13,2025-05-29 18:45:00+00:00,PT15M
0,0,12,2025-05-29 19:00:00+00:00,PT15M
0,0,12,2025-05-29 19:15:00+00:00,PT15M
0,0,13,2025-05-29 19:30:00+00:00,PT15M
0,0,13,2025-05-29 19:45:00+00:00,PT15M
0,0,13,2025-05-29 20:00:00+00:00,PT15M
0,0,13,2025-05-29 20:15:00+00:00,PT15M
0,0,13,2025-05-29 20:30:00+00:00,PT15M
0,0,12,2025-05-29 20:45:00+00:00,PT15M
0,0,12,2025-05-29 21:00:00+00:00,PT15M
0,0,12,2025-05-29 21:15:00+00:00,PT15M
0,0,12,2025-05-29 21:30:00+00:00,PT15M
0,0,12,2025-05-29 21:45:00+00:00,PT15M
0,0,11,2025-05-29 22:00:00+00:00,PT15M
0,0,11,2025-05-29 22:15:00+00:00,PT15M
0,0,11,2025-05-29 22:30:00+00:00,PT15M
0,0,11,2025-05-29 22:45:00+00:00,PT15M
0,0,11,2025-05-29 23:00:00+00:00,PT15M
0,0,11,2025-05-29 23:15:00+00:00,PT15M
0,0,11,2025-05-29 23:30:00+00:00,PT15M
0,0,11,2025-05-29 23:45:00+00:00,PT15M
0,0,10,2025-05-30 00:00:00+00:00,PT15M
0,0,10,2025-05-30 00:15:00+00:00,PT15M
0,0,11,2025-05-30 00:30:00+00:00,PT15M
0,0,11,2025-05-30 00:45:00+00:00,PT15M
0,0,11,2025-05-30 01:00:00+00:00,PT15M
0,0,11,2025-05-30 01:15:00+00:00,PT15M
0,0,11,2025-05-30 01:30:00+00:00,PT15M
0,0,11,2025-05-30 01:45:00+00:00,PT15M
0,0,11,2025-05-30 02:00:00+00:00,PT15M
0,0,11,2025-05-30 02:15:00+00:00,PT15M
0,0,12,2025-05-30 02:30:00+00:00,PT15M
0,0,12,2025-05-30 02:45:00+00:00,PT15M
0,0,12,2025-05-30 03:00:00+00:00,PT15M
5,0,12,2025-05-30 03:15:00+00:00,PT15M
22,0,12,2025-05-30 03:30:00+00:00,PT15M
28,0,12,2025-05-30 03:45:00+00:00,PT15M
36,0,12,2025-05-30 04:00:00+00:00,PT15M
55,0,12,2025-05-30 04:15:00+00:00,PT15M
50,0,12,2025-05-30 04:30:00+00:00,PT15M
63,0,12,2025-05-30 04:45:00+00:00,PT15M
77,0,12,2025-05-30 05:00:00+00:00,PT15M
96,0,12,2025-05-30 05:15:00+00:00,PT15M
98,0,12,2025-05-30 05:30:00+00:00,PT15M
84,0,12,2025-05-30 05:45:00+00:00,PT15M
81,0,11,2025-05-30 06:00:00+00:00,PT15M
142,0,11,2025-05-30 06:15:00+00:00,PT15M
137,0,11,2025-05-30 06:30:00+00:00,PT15M
173,0,12,2025-05-30 06:45:00+00:00,PT15M
156,0,12,2025-05-30 07:00:00+00:00,PT15M
125,0,12,2025-05-30 07:15:00+00:00,PT15M
149,0,12,2025-05-30 07:30:00+00:00,PT15M
162,0,12,2025-05-30 07:45:00+00:00,PT15M
129,0,12,2025-05-30 08:00:00+00:00,PT15M
195,0,12,2025-05-30 08:15:00+00:00,PT15M
212,0,12,2025-05-30 08:30:00+00:00,PT15M
218,0,12,2025-05-30 08:45:00+00:00,PT15M
256,0,12,2025-05-30 09:00:00+00:00,PT15M
269,0,12,2025-05-30 09:15:00+00:00,PT15M
229,0,12,2025-05-30 09:30:00+00:00,PT15M
234,0,13,2025-05-30 09:45:00+00:00,PT15M
267,0,13,2025-05-30 10:00:00+00:00,PT15M
195,0,13,2025-05-30 10:15:00+00:00,PT15M
256,0,14,2025-05-30 10:30:00+00:00,PT15M
286,0,15,2025-05-30 10:45:00+00:00,PT15M
264,0,15,2025-05-30 11:00:00+00:00,PT15M
276,0,16,2025-05-30 11:15:00+00:00,PT15M
304,0,17,2025-05-30 11:30:00+00:00,PT15M
357,0,17,2025-05-30 11:45:00+00:00,PT15M
329,0,18,2025-05-30 12:00:00+00:00,PT15M
336,0,18,2025-05-30 12:15:00+00:00,PT15M
450,0,19,2025-05-30 12:30:00+00:00,PT15M
469,9,19,2025-05-30 12:45:00+00:00,PT15M
476,22,19,2025-05-30 13:00:00+00:00,PT15M
530,151,20,2025-05-30 13:15:00+00:00,PT15M
634,488,20,2025-05-30 13:30:00+00:00,PT15M
516,205,20,2025-05-30 13:45:00+00:00,PT15M
469,132,21,2025-05-30 14:00:00+00:00,PT15M
494,267,21,2025-05-30 14:15:00+00:00,PT15M
412,111,21,2025-05-30 14:30:00+00:00,PT15M
305,0,21,2025-05-30 14:45:00+00:00,PT15M
349,59,21,2025-05-30 15:00:00+00:00,PT15M
256,0,21,2025-05-30 15:15:00+00:00,PT15M
285,77,21,2025-05-30 15:30:00+00:00,PT15M
342,319,21,2025-05-30 15:45:00+00:00,PT15M
305,283,21,2025-05-30 16:00:00+00:00,PT15M
227,71,21,2025-05-30 16:15:00+00:00,PT15M
188,1,21,2025-05-30 16:30:00+00:00,PT15M
178,94,20,2025-05-30 16:45:00+00:00,PT15M
169,158,20,2025-05-30 17:00:00+00:00,PT15M
149,220,20,2025-05-30 17:15:00+00:00,PT15M
128,272,20,2025-05-30 17:30:00+00:00,PT15M
97,224,19,2025-05-30 17:45:00+00:00,PT15M
68,156,19,2025-05-30 18:00:00+00:00,PT15M
45,115,18,2025-05-30 18:15:00+00:00,PT15M
20,0,18,2025-05-30 18:30:00+00:00,PT15M
7,0,17,2025-05-30 18:45:00+00:00,PT15M
0,0,17,2025-05-30 19:00:00+00:00,PT15M
0,0,16,2025-05-30 19:15:00+00:00,PT15M
0,0,16,2025-05-30 19:30:00+00:00,PT15M
0,0,16,2025-05-30 19:45:00+00:00,PT15M
0,0,15,2025-05-30 20:00:00+00:00,PT15M
0,0,15,2025-05-30 20:15:00+00:00,PT15M
0,0,15,2025-05-30 20:30:00+00:00,PT15M
0,0,15,2025-05-30 20:45:00+00:00,PT15M
0,0,15,2025-05-30 21:00:00+00:00,PT15M
0,0,15,2025-05-30 21:15:00+00:00,PT15M
0,0,15,2025-05-30 21:30:00+00:00,PT15M
0,0,15,2025-05-30 21:45:00+00:00,PT15M
0,0,15,2025-05-30 22:00:00+00:00,PT15M
0,0,15,2025-05-30 22:15:00+00:00,PT15M
0,0,14,2025-05-30 22:30:00+00:00,PT15M
0,0,14,2025-05-30 22:45:00+00:00,PT15M
0,0,14,2025-05-30 23:00:00+00:00,PT15M
0,0,14,2025-05-30 23:15:00+00:00,PT15M
0,0,14,2025-05-30 23:30:00+00:00,PT15M
0,0,14,2025-05-30 23:45:00+00:00,PT15M
0,0,15,2025-05-31 00:00:00+00:00,PT15M
0,0,15,2025-05-31 00:15:00+00:00,PT15M
0,0,15,2025-05-31 00:30:00+00:00,PT15M
0,0,15,2025-05-31 00:45:00+00:00,PT15M
0,0,16,2025-05-31 01:00:00+00:00,PT15M
0,0,16,2025-05-31 01:15:00+00:00,PT15M
0,0,16,2025-05-31 01:30:00+00:00,PT15M
0,0,16,2025-05-31 01:45:00+00:00,PT15M
0,0,16,2025-05-31 02:00:00+00:00,PT15M
0,0,16,2025-05-31 02:15:00+00:00,PT15M
0,0,16,2025-05-31 02:30:00+00:00,PT15M
0,0,16,2025-05-31 02:45:00+00:00,PT15M
1,0,16,2025-05-31 03:00:00+00:00,PT15M
11,0,16,2025-05-31 03:15:00+00:00,PT15M
20,0,16,2025-05-31 03:30:00+00:00,PT15M
26,0,16,2025-05-31 03:45:00+00:00,PT15M
31,0,16,2025-05-31 04:00:00+00:00,PT15M
40,0,16,2025-05-31 04:15:00+00:00,PT15M
49,0,16,2025-05-31 04:30:00+00:00,PT15M
79,0,17,2025-05-31 04:45:00+00:00,PT15M
99,0,17,2025-05-31 05:00:00+00:00,PT15M
156,0,17,2025-05-31 05:15:00+00:00,PT15M
233,173,18,2025-05-31 05:30:00+00:00,PT15M
205,36,18,2025-05-31 05:45:00+00:00,PT15M
271,139,19,2025-05-31 06:00:00+00:00,PT15M
391,492,19,2025-05-31 06:15:00+00:00,PT15M
349,249,20,2025-05-31 06:30:00+00:00,PT15M
416,330,20,2025-05-31 06:45:00+00:00,PT15M
516,617,20,2025-05-31 07:00:00+00:00,PT15M
508,463,21,2025-05-31 07:15:00+00:00,PT15M
452,192,21,2025-05-31 07:30:00+00:00,PT15M
430,73,21,2025-05-31 07:45:00+00:00,PT15M
595,485,21,2025-05-31 08:00:00+00:00,PT15M
552,298,22,2025-05-31 08:15:00+00:00,PT15M
524,162,22,2025-05-31 08:30:00+00:00,PT15M
414,0,22,2025-05-31 08:45:00+00:00,PT15M
495,77,22,2025-05-31 09:00:00+00:00,PT15M
626,304,22,2025-05-31 09:15:00+00:00,PT15M
558,115,23,2025-05-31 09:30:00+00:00,PT15M
557,95,23,2025-05-31 09:45:00+00:00,PT15M
417,0,23,2025-05-31 10:00:00+00:00,PT15M
330,0,23,2025-05-31 10:15:00+00:00,PT15M
556,175,23,2025-05-31 10:30:00+00:00,PT15M
664,290,23,2025-05-31 10:45:00+00:00,PT15M
569,84,23,2025-05-31 11:00:00+00:00,PT15M
558,71,23,2025-05-31 11:15:00+00:00,PT15M
501,0,23,2025-05-31 11:30:00+00:00,PT15M
571,101,23,2025-05-31 11:45:00+00:00,PT15M
607,186,23,2025-05-31 12:00:00+00:00,PT15M
486,10,23,2025-05-31 12:15:00+00:00,PT15M
555,119,23,2025-05-31 12:30:00+00:00,PT15M
680,462,23,2025-05-31 12:45:00+00:00,PT15M
710,603,23,2025-05-31 13:00:00+00:00,PT15M
628,414,23,2025-05-31 13:15:00+00:00,PT15M
547,239,23,2025-05-31 13:30:00+00:00,PT15M
418,91,23,2025-05-31 13:45:00+00:00,PT15M
423,79,23,2025-05-31 14:00:00+00:00,PT15M
404,40,23,2025-05-31 14:15:00+00:00,PT15M
439,179,23,2025-05-31 14:30:00+00:00,PT15M
309,0,24,2025-05-31 14:45:00+00:00,PT15M
385,176,24,2025-05-31 15:00:00+00:00,PT15M
373,215,24,2025-05-31 15:15:00+00:00,PT15M
307,68,23,2025-05-31 15:30:00+00:00,PT15M
264,14,23,2025-05-31 15:45:00+00:00,PT15M
235,28,23,2025-05-31 16:00:00+00:00,PT15M
214,39,23,2025-05-31 16:15:00+00:00,PT15M
190,23,23,2025-05-31 16:30:00+00:00,PT15M
157,0,22,2025-05-31 16:45:00+00:00,PT15M
84,0,22,2025-05-31 17:00:00+00:00,PT15M
64,0,22,2025-05-31 17:15:00+00:00,PT15M
71,0,21,2025-05-31 17:30:00+00:00,PT15M
34,0,20,2025-05-31 17:45:00+00:00,PT15M
37,33,20,2025-05-31 18:00:00+00:00,PT15M
38,41,20,2025-05-31 18:15:00+00:00,PT15M
13,0,19,2025-05-31 18:30:00+00:00,PT15M
5,0,19,2025-05-31 18:45:00+00:00,PT15M
0,0,19,2025-05-31 19:00:00+00:00,PT15M
0,0,19,2025-05-31 19:15:00+00:00,PT15M
0,0,18,2025-05-31 19:30:00+00:00,PT15M
0,0,18,2025-05-31 19:45:00+00:00,PT15M
0,0,18,2025-05-31 20:00:00+00:00,PT15M
0,0,18,2025-05-31 20:15:00+00:00,PT15M
0,0,18,2025-05-31 20:30:00+00:00,PT15M
0,0,17,2025-05-31 20:45:00+00:00,PT15M
0,0,17,2025-05-31 21:00:00+00:00,PT15M
0,0,17,2025-05-31 21:15:00+00:00,PT15M
0,0,17,2025-05-31 21:30:00+00:00,PT15M
0,0,17,2025-05-31 21:45:00+00:00,PT15M
0,0,17,2025-05-31 22:00:00+00:00,PT15M
0,0,17,2025-05-31 22:15:00+00:00,PT15M
0,0,17,2025-05-31 22:30:00+00:00,PT15M
0,0,16,2025-05-31 22:45:00+00:00,PT15M
0,0,16,2025-05-31 23:00:00+00:00,PT15M
0,0,16,2025-05-31 23:15:00+00:00,PT15M
0,0,16,2025-05-31 23:30:00+00:00,PT15M
0,0,16,2025-05-31 23:45:00+00:00,PT15M
0,0,16,2025-06-01 00:00:00+00:00,PT15M
0,0,16,2025-06-01 00:15:00+00:00,PT15M
0,0,16,2025-06-01 00:30:00+00:00,PT15M
0,0,16,2025-06-01 00:45:00+00:00,PT15M
0,0,16,2025-06-01 01:00:00+00:00,PT15M
0,0,16,2025-06-01 01:15:00+00:00,PT15M
0,0,16,2025-06-01 01:30:00+00:00,PT15M
0,0,16,2025-06-01 01:45:00+00:00,PT15M
0,0,16,2025-06-01 02:00:00+00:00,PT15M
0,0,16,2025-06-01 02:15:00+00:00,PT15M
0,0,16,2025-06-01 02:30:00+00:00,PT15M
0,0,16,2025-06-01 02:45:00+00:00,PT15M
2,0,15,2025-06-01 03:00:00+00:00,PT15M
12,0,16,2025-06-01 03:15:00+00:00,PT15M
29,10,16,2025-06-01 03:30:00+00:00,PT15M
46,17,16,2025-06-01 03:45:00+00:00,PT15M
44,0,16,2025-06-01 04:00:00+00:00,PT15M
51,0,16,2025-06-01 04:15:00+00:00,PT15M
56,0,17,2025-06-01 04:30:00+00:00,PT15M
77,0,17,2025-06-01 04:45:00+00:00,PT15M
133,0,18,2025-06-01 05:00:00+00:00,PT15M
121,0,18,2025-06-01 05:15:00+00:00,PT15M
196,46,18,2025-06-01 05:30:00+00:00,PT15M
297,331,19,2025-06-01 05:45:00+00:00,PT15M
347,431,19,2025-06-01 06:00:00+00:00,PT15M
393,501,19,2025-06-01 06:15:00+00:00,PT15M
437,560,20,2025-06-01 06:30:00+00:00,PT15M
464,534,20,2025-06-01 06:45:00+00:00,PT15M
389,214,20,2025-06-01 07:00:00+00:00,PT15M
255,0,21,2025-06-01 07:15:00+00:00,PT15M
266,0,21,2025-06-01 07:30:00+00:00,PT15M
192,0,22,2025-06-01 07:45:00+00:00,PT15M
109,0,22,2025-06-01 08:00:00+00:00,PT15M
146,0,22,2025-06-01 08:15:00+00:00,PT15M
202,0,23,2025-06-01 08:30:00+00:00,PT15M
178,0,23,2025-06-01 08:45:00+00:00,PT15M
181,0,23,2025-06-01 09:00:00+00:00,PT15M
120,0,24,2025-06-01 09:15:00+00:00,PT15M
233,0,24,2025-06-01 09:30:00+00:00,PT15M
136,0,24,2025-06-01 09:45:00+00:00,PT15M
143,0,24,2025-06-01 10:00:00+00:00,PT15M
181,0,24,2025-06-01 10:15:00+00:00,PT15M
295,0,24,2025-06-01 10:30:00+00:00,PT15M
324,0,24,2025-06-01 10:45:00+00:00,PT15M
471,17,25,2025-06-01 11:00:00+00:00,PT15M
628,219,25,2025-06-01 11:15:00+00:00,PT15M
656,277,25,2025-06-01 11:30:00+00:00,PT15M
518,43,25,2025-06-01 11:45:00+00:00,PT15M
423,0,25,2025-06-01 12:00:00+00:00,PT15M
359,0,25,2025-06-01 12:15:00+00:00,PT15M
449,27,25,2025-06-01 12:30:00+00:00,PT15M
561,156,25,2025-06-01 12:45:00+00:00,PT15M
453,56,25,2025-06-01 13:00:00+00:00,PT15M
228,0,25,2025-06-01 13:15:00+00:00,PT15M
249,0,25,2025-06-01 13:30:00+00:00,PT15M
316,0,25,2025-06-01 13:45:00+00:00,PT15M
237,0,25,2025-06-01 14:00:00+00:00,PT15M
148,0,25,2025-06-01 14:15:00+00:00,PT15M
157,0,25,2025-06-01 14:30:00+00:00,PT15M
293,17,25,2025-06-01 14:45:00+00:00,PT15M
448,400,25,2025-06-01 15:00:00+00:00,PT15M
461,577,24,2025-06-01 15:15:00+00:00,PT15M
436,615,24,2025-06-01 15:30:00+00:00,PT15M
399,598,23,2025-06-01 15:45:00+00:00,PT15M
353,526,22,2025-06-01 16:00:00+00:00,PT15M
307,455,22,2025-06-01 16:15:00+00:00,PT15M
251,306,22,2025-06-01 16:30:00+00:00,PT15M
171,27,22,2025-06-01 16:45:00+00:00,PT15M
120,1,21,2025-06-01 17:00:00+00:00,PT15M
131,64,21,2025-06-01 17:15:00+00:00,PT15M
111,102,21,2025-06-01 17:30:00+00:00,PT15M
89,99,20,2025-06-01 17:45:00+00:00,PT15M
11,0,20,2025-06-01 18:00:00+00:00,PT15M
13,0,20,2025-06-01 18:15:00+00:00,PT15M
10,0,19,2025-06-01 18:30:00+00:00,PT15M
2,0,19,2025-06-01 18:45:00+00:00,PT15M
0,0,19,2025-06-01 19:00:00+00:00,PT15M
0,0,18,2025-06-01 19:15:00+00:00,PT15M
0,0,18,2025-06-01 19:30:00+00:00,PT15M
0,0,18,2025-06-01 19:45:00+00:00,PT15M
0,0,18,2025-06-01 20:00:00+00:00,PT15M
0,0,17,2025-06-01 20:15:00+00:00,PT15M
0,0,17,2025-06-01 20:30:00+00:00,PT15M
0,0,16,2025-06-01 20:45:00+00:00,PT15M
0,0,16,2025-06-01 21:00:00+00:00,PT15M
0,0,16,2025-06-01 21:15:00+00:00,PT15M
0,0,16,2025-06-01 21:30:00+00:00,PT15M
0,0,16,2025-06-01 21:45:00+00:00,PT15M
0,0,16,2025-06-01 22:00:00+00:00,PT15M
0,0,16,2025-06-01 22:15:00+00:00,PT15M
0,0,16,2025-06-01 22:30:00+00:00,PT15M
0,0,16,2025-06-01 22:45:00+00:00,PT15M
0,0,15,2025-06-01 23:00:00+00:00,PT15M
0,0,15,2025-06-01 23:15:00+00:00,PT15M
0,0,15,2025-06-01 23:30:00+00:00,PT15M
0,0,15,2025-06-01 23:45:00+00:00,PT15M
0,0,15,2025-06-02 00:00:00+00:00,PT15M
0,0,15,2025-06-02 00:15:00+00:00,PT15M
0,0,15,2025-06-02 00:30:00+00:00,PT15M
0,0,15,2025-06-02 00:45:00+00:00,PT15M
0,0,15,2025-06-02 01:00:00+00:00,PT15M
0,0,15,2025-06-02 01:15:00+00:00,PT15M
0,0,15,2025-06-02 01:30:00+00:00,PT15M
0,0,15,2025-06-02 01:45:00+00:00,PT15M
0,0,15,2025-06-02 02:00:00+00:00,PT15M
0,0,15,2025-06-02 02:15:00+00:00,PT15M
0,0,15,2025-06-02 02:30:00+00:00,PT15M
0,0,14,2025-06-02 02:45:00+00:00,PT15M
2,0,14,2025-06-02 03:00:00+00:00,PT15M
10,0,15,2025-06-02 03:15:00+00:00,PT15M
25,1,15,2025-06-02 03:30:00+00:00,PT15M
47,42,15,2025-06-02 03:45:00+00:00,PT15M
72,141,15,2025-06-02 04:00:00+00:00,PT15M
74,7,15,2025-06-02 04:15:00+00:00,PT15M
86,0,16,2025-06-02 04:30:00+00:00,PT15M
94,0,16,2025-06-02 04:45:00+00:00,PT15M
120,0,16,2025-06-02 05:00:00+00:00,PT15M
108,0,16,2025-06-02 05:15:00+00:00,PT15M
161,0,17,2025-06-02 05:30:00+00:00,PT15M
131,0,17,2025-06-02 05:45:00+00:00,PT15M
188,0,17,2025-06-02 06:00:00+00:00,PT15M
219,0,17,2025-06-02 06:15:00+00:00,PT15M
199,0,18,2025-06-02 06:30:00+00:00,PT15M
255,0,18,2025-06-02 06:45:00+00:00,PT15M
283,0,18,2025-06-02 07:00:00+00:00,PT15M
322,0,18,2025-06-02 07:15:00+00:00,PT15M
235,0,18,2025-06-02 07:30:00+00:00,PT15M
227,0,18,2025-06-02 07:45:00+00:00,PT15M
208,0,19,2025-06-02 08:00:00+00:00,PT15M
269,0,19,2025-06-02 08:15:00+00:00,PT15M
293,0,19,2025-06-02 08:30:00+00:00,PT15M
242,0,19,2025-06-02 08:45:00+00:00,PT15M
211,0,19,2025-06-02 09:00:00+00:00,PT15M
268,0,19,2025-06-02 09:15:00+00:00,PT15M
237,0,19,2025-06-02 09:30:00+00:00,PT15M
218,0,20,2025-06-02 09:45:00+00:00,PT15M
200,0,20,2025-06-02 10:00:00+00:00,PT15M
167,0,21,2025-06-02 10:15:00+00:00,PT15M
371,0,21,2025-06-02 10:30:00+00:00,PT15M
628,193,22,2025-06-02 10:45:00+00:00,PT15M
545,53,22,2025-06-02 11:00:00+00:00,PT15M
412,0,22,2025-06-02 11:15:00+00:00,PT15M
412,0,22,2025-06-02 11:30:00+00:00,PT15M
464,0,22,2025-06-02 11:45:00+00:00,PT15M
565,105,22,2025-06-02 12:00:00+00:00,PT15M
620,235,21,2025-06-02 12:15:00+00:00,PT15M
561,122,21,2025-06-02 12:30:00+00:00,PT15M
504,25,22,2025-06-02 12:45:00+00:00,PT15M
490,43,22,2025-06-02 13:00:00+00:00,PT15M
464,19,22,2025-06-02 13:15:00+00:00,PT15M
496,101,22,2025-06-02 13:30:00+00:00,PT15M
378,13,22,2025-06-02 13:45:00+00:00,PT15M
316,0,22,2025-06-02 14:00:00+00:00,PT15M
335,0,22,2025-06-02 14:15:00+00:00,PT15M
241,0,22,2025-06-02 14:30:00+00:00,PT15M
160,0,22,2025-06-02 14:45:00+00:00,PT15M
55,0,22,2025-06-02 15:00:00+00:00,PT15M
144,0,22,2025-06-02 15:15:00+00:00,PT15M
166,0,21,2025-06-02 15:30:00+00:00,PT15M
172,0,21,2025-06-02 15:45:00+00:00,PT15M
119,0,21,2025-06-02 16:00:00+00:00,PT15M
154,0,21,2025-06-02 16:15:00+00:00,PT15M
136,0,20,2025-06-02 16:30:00+00:00,PT15M
193,153,20,2025-06-02 16:45:00+00:00,PT15M
156,106,19,2025-06-02 17:00:00+00:00,PT15M
108,0,19,2025-06-02 17:15:00+00:00,PT15M
73,0,19,2025-06-02 17:30:00+00:00,PT15M
25,0,18,2025-06-02 17:45:00+00:00,PT15M
46,0,18,2025-06-02 18:00:00+00:00,PT15M
26,0,18,2025-06-02 18:15:00+00:00,PT15M
10,0,18,2025-06-02 18:30:00+00:00,PT15M
2,0,17,2025-06-02 18:45:00+00:00,PT15M
0,0,17,2025-06-02 19:00:00+00:00,PT15M
0,0,17,2025-06-02 19:15:00+00:00,PT15M
0,0,17,2025-06-02 19:30:00+00:00,PT15M
0,0,17,2025-06-02 19:45:00+00:00,PT15M
0,0,16,2025-06-02 20:00:00+00:00,PT15M
0,0,16,2025-06-02 20:15:00+00:00,PT15M
0,0,16,2025-06-02 20:30:00+00:00,PT15M
0,0,16,2025-06-02 20:45:00+00:00,PT15M
0,0,16,2025-06-02 21:00:00+00:00,PT15M
0,0,16,2025-06-02 21:15:00+00:00,PT15M
0,0,16,2025-06-02 21:30:00+00:00,PT15M
0,0,16,2025-06-02 21:45:00+00:00,PT15M
0,0,16,2025-06-02 22:00:00+00:00,PT15M
0,0,16,2025-06-02 22:15:00+00:00,PT15M
0,0,15,2025-06-02 22:30:00+00:00,PT15M
0,0,15,2025-06-02 22:45:00+00:00,PT15M
0,0,15,2025-06-02 23:00:00+00:00,PT15M
0,0,15,2025-06-02 23:15:00+00:00,PT15M
0,0,15,2025-06-02 23:30:00+00:00,PT15M
0,0,15,2025-06-02 23:45:00+00:00,PT15M
0,0,15,2025-06-03 00:00:00+00:00,PT15M
0,0,14,2025-06-03 00:15:00+00:00,PT15M
0,0,14,2025-06-03 00:30:00+00:00,PT15M
0,0,14,2025-06-03 00:45:00+00:00,PT15M
0,0,14,2025-06-03 01:00:00+00:00,PT15M
0,0,14,2025-06-03 01:15:00+00:00,PT15M
0,0,14,2025-06-03 01:30:00+00:00,PT15M
0,0,15,2025-06-03 01:45:00+00:00,PT15M
0,0,15,2025-06-03 02:00:00+00:00,PT15M
0,0,15,2025-06-03 02:15:00+00:00,PT15M
0,0,15,2025-06-03 02:30:00+00:00,PT15M
0,0,14,2025-06-03 02:45:00+00:00,PT15M
1,0,14,2025-06-03 03:00:00+00:00,PT15M
4,0,14,2025-06-03 03:15:00+00:00,PT15M
14,0,15,2025-06-03 03:30:00+00:00,PT15M
21,0,15,2025-06-03 03:45:00+00:00,PT15M
28,0,15,2025-06-03 04:00:00+00:00,PT15M
37,0,15,2025-06-03 04:15:00+00:00,PT15M
46,0,15,2025-06-03 04:30:00+00:00,PT15M
51,0,16,2025-06-03 04:45:00+00:00,PT15M
76,0,16,2025-06-03 05:00:00+00:00,PT15M
94,0,16,2025-06-03 05:15:00+00:00,PT15M
95,0,16,2025-06-03 05:30:00+00:00,PT15M
138,0,16,2025-06-03 05:45:00+00:00,PT15M
148,0,16,2025-06-03 06:00:00+00:00,PT15M
216,0,16,2025-06-03 06:15:00+00:00,PT15M
189,0,17,2025-06-03 06:30:00+00:00,PT15M
222,0,17,2025-06-03 06:45:00+00:00,PT15M
249,0,18,2025-06-03 07:00:00+00:00,PT15M
321,0,18,2025-06-03 07:15:00+00:00,PT15M
489,280,18,2025-06-03 07:30:00+00:00,PT15M
500,235,18,2025-06-03 07:45:00+00:00,PT15M
511,210,19,2025-06-03 08:00:00+00:00,PT15M
616,449,19,2025-06-03 08:15:00+00:00,PT15M
611,361,19,2025-06-03 08:30:00+00:00,PT15M
538,121,20,2025-06-03 08:45:00+00:00,PT15M
439,0,20,2025-06-03 09:00:00+00:00,PT15M
469,2,20,2025-06-03 09:15:00+00:00,PT15M
502,9,20,2025-06-03 09:30:00+00:00,PT15M
566,73,21,2025-06-03 09:45:00+00:00,PT15M
805,645,21,2025-06-03 10:00:00+00:00,PT15M
745,458,21,2025-06-03 10:15:00+00:00,PT15M
649,206,21,2025-06-03 10:30:00+00:00,PT15M
642,185,22,2025-06-03 10:45:00+00:00,PT15M
633,165,22,2025-06-03 11:00:00+00:00,PT15M
610,118,22,2025-06-03 11:15:00+00:00,PT15M
691,307,22,2025-06-03 11:30:00+00:00,PT15M
650,226,22,2025-06-03 11:45:00+00:00,PT15M
751,500,23,2025-06-03 12:00:00+00:00,PT15M
781,618,23,2025-06-03 12:15:00+00:00,PT15M
760,598,23,2025-06-03 12:30:00+00:00,PT15M
726,547,23,2025-06-03 12:45:00+00:00,PT15M
756,693,23,2025-06-03 13:00:00+00:00,PT15M
745,727,23,2025-06-03 13:15:00+00:00,PT15M
662,529,23,2025-06-03 13:30:00+00:00,PT15M
653,580,23,2025-06-03 13:45:00+00:00,PT15M
629,584,23,2025-06-03 14:00:00+00:00,PT15M
613,626,23,2025-06-03 14:15:00+00:00,PT15M
593,666,23,2025-06-03 14:30:00+00:00,PT15M
561,663,23,2025-06-03 14:45:00+00:00,PT15M
509,580,23,2025-06-03 15:00:00+00:00,PT15M
485,619,23,2025-06-03 15:15:00+00:00,PT15M
459,656,23,2025-06-03 15:30:00+00:00,PT15M
415,609,23,2025-06-03 15:45:00+00:00,PT15M
379,609,23,2025-06-03 16:00:00+00:00,PT15M
339,580,22,2025-06-03 16:15:00+00:00,PT15M
299,548,22,2025-06-03 16:30:00+00:00,PT15M
259,511,22,2025-06-03 16:45:00+00:00,PT15M
220,469,22,2025-06-03 17:00:00+00:00,PT15M
180,398,21,2025-06-03 17:15:00+00:00,PT15M
136,266,21,2025-06-03 17:30:00+00:00,PT15M
99,145,20,2025-06-03 17:45:00+00:00,PT15M
78,193,20,2025-06-03 18:00:00+00:00,PT15M
54,177,19,2025-06-03 18:15:00+00:00,PT15M
29,44,19,2025-06-03 18:30:00+00:00,PT15M
11,0,18,2025-06-03 18:45:00+00:00,PT15M
1,0,18,2025-06-03 19:00:00+00:00,PT15M
0,0,17,2025-06-03 19:15:00+00:00,PT15M
0,0,17,2025-06-03 19:30:00+00:00,PT15M
0,0,17,2025-06-03 19:45:00+00:00,PT15M
0,0,17,2025-06-03 20:00:00+00:00,PT15M
0,0,16,2025-06-03 20:15:00+00:00,PT15M
0,0,16,2025-06-03 20:30:00+00:00,PT15M
0,0,16,2025-06-03 20:45:00+00:00,PT15M
0,0,16,2025-06-03 21:00:00+00:00,PT15M
0,0,16,2025-06-03 21:15:00+00:00,PT15M
0,0,16,2025-06-03 21:30:00+00:00,PT15M
0,0,16,2025-06-03 21:45:00+00:00,PT15M
0,0,16,2025-06-03 22:00:00+00:00,PT15M
0,0,16,2025-06-03 22:15:00+00:00,PT15M
0,0,15,2025-06-03 22:30:00+00:00,PT15M
0,0,15,2025-06-03 22:45:00+00:00,PT15M
0,0,15,2025-06-03 23:00:00+00:00,PT15M
0,0,15,2025-06-03 23:15:00+00:00,PT15M
0,0,15,2025-06-03 23:30:00+00:00,PT15M
0,0,15,2025-06-03 23:45:00+00:00,PT15M
0,0,15,2025-06-04 00:00:00+00:00,PT15M
0,0,15,2025-06-04 00:15:00+00:00,PT15M
0,0,15,2025-06-04 00:30:00+00:00,PT15M
0,0,15,2025-06-04 00:45:00+00:00,PT15M
0,0,15,2025-06-04 01:00:00+00:00,PT15M
0,0,15,2025-06-04 01:15:00+00:00,PT15M
0,0,15,2025-06-04 01:30:00+00:00,PT15M
0,0,15,2025-06-04 01:45:00+00:00,PT15M
0,0,14,2025-06-04 02:00:00+00:00,PT15M
0,0,14,2025-06-04 02:15:00+00:00,PT15M
0,0,14,2025-06-04 02:30:00+00:00,PT15M
0,0,14,2025-06-04 02:45:00+00:00,PT15M
3,0,14,2025-06-04 03:00:00+00:00,PT15M
14,0,14,2025-06-04 03:15:00+00:00,PT15M
25,0,15,2025-06-04 03:30:00+00:00,PT15M
34,0,15,2025-06-04 03:45:00+00:00,PT15M
50,0,15,2025-06-04 04:00:00+00:00,PT15M
70,0,16,2025-06-04 04:15:00+00:00,PT15M
84,0,16,2025-06-04 04:30:00+00:00,PT15M
105,0,17,2025-06-04 04:45:00+00:00,PT15M
133,0,17,2025-06-04 05:00:00+00:00,PT15M
185,47,18,2025-06-04 05:15:00+00:00,PT15M
229,116,18,2025-06-04 05:30:00+00:00,PT15M
281,234,19,2025-06-04 05:45:00+00:00,PT15M
327,311,19,2025-06-04 06:00:00+00:00,PT15M
375,396,20,2025-06-04 06:15:00+00:00,PT15M
437,533,20,2025-06-04 06:30:00+00:00,PT15M
470,540,21,2025-06-04 06:45:00+00:00,PT15M
499,529,21,2025-06-04 07:00:00+00:00,PT15M
560,651,21,2025-06-04 07:15:00+00:00,PT15M
594,665,22,2025-06-04 07:30:00+00:00,PT15M
626,678,22,2025-06-04 07:45:00+00:00,PT15M
657,689,22,2025-06-04 08:00:00+00:00,PT15M
684,692,23,2025-06-04 08:15:00+00:00,PT15M
713,712,23,2025-06-04 08:30:00+00:00,PT15M
739,722,24,2025-06-04 08:45:00+00:00,PT15M
761,731,24,2025-06-04 09:00:00+00:00,PT15M
782,740,24,2025-06-04 09:15:00+00:00,PT15M
798,742,24,2025-06-04 09:30:00+00:00,PT15M
817,760,25,2025-06-04 09:45:00+00:00,PT15M
810,709,25,2025-06-04 10:00:00+00:00,PT15M
815,698,25,2025-06-04 10:15:00+00:00,PT15M
804,652,26,2025-06-04 10:30:00+00:00,PT15M
848,772,26,2025-06-04 10:45:00+00:00,PT15M
838,740,26,2025-06-04 11:00:00+00:00,PT15M
785,595,26,2025-06-04 11:15:00+00:00,PT15M
828,732,26,2025-06-04 11:30:00+00:00,PT15M
803,680,26,2025-06-04 11:45:00+00:00,PT15M
815,744,27,2025-06-04 12:00:00+00:00,PT15M
813,775,27,2025-06-04 12:15:00+00:00,PT15M
797,771,27,2025-06-04 12:30:00+00:00,PT15M
775,758,27,2025-06-04 12:45:00+00:00,PT15M
744,720,27,2025-06-04 13:00:00+00:00,PT15M
689,606,27,2025-06-04 13:15:00+00:00,PT15M
641,521,27,2025-06-04 13:30:00+00:00,PT15M
452,91,27,2025-06-04 13:45:00+00:00,PT15M
460,129,27,2025-06-04 14:00:00+00:00,PT15M
340,0,27,2025-06-04 14:15:00+00:00,PT15M
303,0,26,2025-06-04 14:30:00+00:00,PT15M
276,0,26,2025-06-04 14:45:00+00:00,PT15M
357,72,26,2025-06-04 15:00:00+00:00,PT15M
313,27,26,2025-06-04 15:15:00+00:00,PT15M
248,7,24,2025-06-04 15:30:00+00:00,PT15M
170,0,23,2025-06-04 15:45:00+00:00,PT15M
212,21,22,2025-06-04 16:00:00+00:00,PT15M
237,80,21,2025-06-04 16:15:00+00:00,PT15M
200,50,20,2025-06-04 16:30:00+00:00,PT15M
89,0,20,2025-06-04 16:45:00+00:00,PT15M
61,0,19,2025-06-04 17:00:00+00:00,PT15M
67,0,19,2025-06-04 17:15:00+00:00,PT15M
45,0,19,2025-06-04 17:30:00+00:00,PT15M
28,0,19,2025-06-04 17:45:00+00:00,PT15M
16,0,19,2025-06-04 18:00:00+00:00,PT15M
4,0,19,2025-06-04 18:15:00+00:00,PT15M
5,0,18,2025-06-04 18:30:00+00:00,PT15M
6,0,18,2025-06-04 18:45:00+00:00,PT15M
1,0,18,2025-06-04 19:00:00+00:00,PT15M
0,0,18,2025-06-04 19:15:00+00:00,PT15M
0,0,18,2025-06-04 19:30:00+00:00,PT15M
0,0,18,2025-06-04 19:45:00+00:00,PT15M
0,0,18,2025-06-04 20:00:00+00:00,PT15M
0,0,18,2025-06-04 20:15:00+00:00,PT15M
